run_id,scenario_name,seed,reaction_delay,speed,total_agents,evacuated_count,non_evacuated_count,total_timesteps,evacuation_rate,mean_evacuation_time,min_evacuation_time,max_evacuation_time,total_waiting_steps,mean_waiting_steps,max_waiting_steps,max_cell_occupancy,max_occupancy_ratio,congested_cell_steps
stage6_profile_sweep_pt000_sp_1.0_del_0_seed11,sweep_sp_1.0_del_0,11,0,1.0,2,2,0,10,1.0,9.0,8,10,0,0.0,0,1,1.0,16
stage6_profile_sweep_pt000_sp_1.0_del_0_seed22,sweep_sp_1.0_del_0,22,0,1.0,2,2,0,10,1.0,9.0,8,10,0,0.0,0,1,1.0,16
stage6_profile_sweep_pt000_sp_1.0_del_0_seed33,sweep_sp_1.0_del_0,33,0,1.0,2,2,0,10,1.0,9.0,8,10,0,0.0,0,1,1.0,16
stage6_profile_sweep_pt001_sp_1.0_del_3_seed11,sweep_sp_1.0_del_3,11,3,1.0,2,2,0,13,1.0,12.0,11,13,0,0.0,0,1,1.0,22
stage6_profile_sweep_pt001_sp_1.0_del_3_seed22,sweep_sp_1.0_del_3,22,3,1.0,2,2,0,13,1.0,12.0,11,13,0,0.0,0,1,1.0,22
stage6_profile_sweep_pt001_sp_1.0_del_3_seed33,sweep_sp_1.0_del_3,33,3,1.0,2,2,0,13,1.0,12.0,11,13,0,0.0,0,1,1.0,22
stage6_profile_sweep_pt002_sp_0.5_del_0_seed11,sweep_sp_0.5_del_0,11,0,0.5,2,2,0,20,1.0,18.0,16,20,0,0.0,0,1,1.0,34
stage6_profile_sweep_pt002_sp_0.5_del_0_seed22,sweep_sp_0.5_del_0,22,0,0.5,2,2,0,20,1.0,18.0,16,20,0,0.0,0,1,1.0,34
stage6_profile_sweep_pt002_sp_0.5_del_0_seed33,sweep_sp_0.5_del_0,33,0,0.5,2,2,0,20,1.0,18.0,16,20,0,0.0,0,1,1.0,34
stage6_profile_sweep_pt003_sp_0.5_del_3_seed11,sweep_sp_0.5_del_3,11,3,0.5,2,2,0,23,1.0,21.0,19,23,0,0.0,0,1,1.0,40
stage6_profile_sweep_pt003_sp_0.5_del_3_seed22,sweep_sp_0.5_del_3,22,3,0.5,2,2,0,23,1.0,21.0,19,23,0,0.0,0,1,1.0,40
stage6_profile_sweep_pt003_sp_0.5_del_3_seed33,sweep_sp_0.5_del_3,33,3,0.5,2,2,0,23,1.0,21.0,19,23,0,0.0,0,1,1.0,40
